Name,Age,Active
Nik,30,True
Kate,32,True
Evan,45,False
John,28,True
Emily,35,False
Mike,42,True
Sarah,29,True
David,31,False
Olivia,27,True
Daniel,39,False
Sophia,33,True
Matthew,36,True
Ava,41,False
Jacob,26,True
Emma,34,True
Ryan,37,False
Mia,30,True
Ethan,43,False
Isabella,28,True
William,32,True
Grace,45,False
James,29,True
Chloe,37,True
Benjamin,31,False
Lily,35,True
Alexander,40,True
Sofia,26,False
Michael,38,True
Avery,33,True
Daniel,42,False
Abigail,27,True
Matthew,31,True
Ella,34,False
William,29,True
Victoria,36,True
Andrew,38,False
Harper,30,True
Joseph,44,False
Madison,28,True
Anthony,32,True
Scarlett,45,False
Christopher,31,True
Grace,37,True
David,43,False
Aria,26,True
Samuel,34,True
Elizabeth,39,False
Ryan,29,True
Avery,35,True
Daniel,30,False
Ella,42,True
Elijah,33,True
Samantha,37,False
Christopher,28,True
Lily,31,True
Joseph,44,False
Abigail,27,True
Andrew,35,True
Scarlett,41,False
Benjamin,30,True
Emily,38,True
Michael,32,False
Ava,29,True
Jacob,34,True
Sophia,43,False
Mason,31,True
Olivia,37,True
Alexander,40,False
Aria,26,True
Daniel,34,True
Sofia,39,False
William,28,True
Elizabeth,36,True
Elijah,42,False
Chloe,30,True
James,33,True
Madison,45,False
Aiden,31,True
Samantha,38,True
Ethan,32,False
Mia,29,True
